nan,1564
theuniversityoftexasataustin,106
stanforduniversity,103
"universityofcalifornia,berkeley",80
arizonastateuniversity,76
universityofsoutherncalifornia,69
northcarolinastateuniversity,66
purdueuniversity,64
massachusettsinstituteoftechnology,58
"universityofcalifornia,sandiego",56
cornelluniversity,55
texasa&muniversity,55
georgiainstituteoftechnology,55
pennstateuniversity,54
rensselaerpolytechnicinstitute,54
universityofillinoisaturbana-champaign,53
universityofminnesota-twincities,52
"universityofcalifornia,losangeles",52
sanjosestateuniversity,52
carnegiemellonuniversity,52
universityofmichigan,52
universityofflorida,50
universityofvermont,40
theuniversityoftexasatdallas,40
northeasternuniversity,39
"universityofcalifornia,davis",39
syracuseuniversity,38
rochesterinstituteoftechnology,37
iowastateuniversity,36
brighamyounguniversity,34
universityofarizona,34
universityofphoenix,33
columbiauniversityinthecityofnewyork,33
bostonuniversity,32
harvardbusinessschool,31
universityofwisconsin-madison,31
"universityofcalifornia,irvine",30
oregonstateuniversity,29
"universityofmassachusetts,amherst",28
universityofmarylandcollegepark,27
universityofwashington,27
sandiegostateuniversity-californiastateuniversity,27
theohiostateuniversity,27
harvarduniversity,26
universityofpittsburgh,25
stateuniversityofnewyorkatalbany,24
princetonuniversity,24
clarksonuniversity,24
michiganstateuniversity,23
newyorkuniversity,22
virginiapolytechnicinstituteandstateuniversity,22
santaclarauniversity,22
champlaincollege,22
universityofcentralflorida,21
universityoforegon,21
universityofcincinnati,21
universityofpennsylvania,21
universityofcoloradoatboulder,21
theuniversityofconnecticut,20
thejohnshopkinsuniversity,20
maristcollege,20
clemsonuniversity,20
universityofvirginia,19
"universityofcalifornia,santabarbara",19
newmexicostateuniversity,19
dartmouthcollege,18
theuniversityoftexasatarlington,18
lehighuniversity,18
northwesternuniversity,18
universityofnorthcarolinaatchapelhill,18
yaleuniversity,17
californiastateuniversity-longbeach,17
dukeuniversity,16
universityatbuffalo,16
universityofnorthtexas,16
loyolamarymountuniversity,16
texastechuniversity,15
universityofnotredame,15
"universityofcalifornia,santacruz",14
californiapolytechnicstateuniversity-sanluisobispo,14
theuniversityofgeorgia,14
paceuniversity,14
casewesternreserveuniversity,14
"arizonastateuniversity,w.p.careyschoolofbusiness",13
binghamtonuniversity,13
universityofpennsylvania-thewhartonschool,13
floridastateuniversity,13
coloradostateuniversity,13
"universityofcalifornia,riverside",13
"southernillinoisuniversity,carbondale",13
"rutgers,thestateuniversityofnewjersey-newbrunswick",13
universityofhouston,13
universityofdelaware,13
villanovauniversity,13
newyorkuniversity-leonardn.sternschoolofbusiness,13
universityofmaine,13
riceuniversity,12
universityofwaterloo,12
universityofconnecticut,12
coloradotechnicaluniversity,12
brownuniversity,12
southernnewhampshireuniversity,12
stanforduniversitygraduateschoolofbusiness,12
virginiatech,12
californiastateuniversity-northridge,12
ucberkeley,12
universityofcoloradoboulder,11
georgemasonuniversity,11
universityoftoronto,11
stateuniversityofnewyorkcollegeatpotsdam,11
stateuniversityofnewyorkatbuffalo,11
texasstateuniversity-sanmarcos,11
st.edward'suniversity,11
oklahomastateuniversity,11
auburnuniversity,11
universityofmassachusettsatlowell,11
saintmichael'scollege,10
dutchesscommunitycollege,10
kansasstateuniversity,10
universityofutah,10
westernmichiganuniversity,10
universityofsouthflorida,10
rutgersuniversity-newbrunswick,10
theuniversityofnewmexico,10
desalesuniversity,10
universityofmassachusettslowell,10
universityofsanfrancisco,10
universityofrochester,10
uclaandersonschoolofmanagement,9
louisianastateuniversity,9
marymountuniversity,9
northwesternuniversity-kelloggschoolofmanagement,9
columbiauniversity-columbiabusinessschool,9
stateuniversityofnewyorkatbinghamton,9
fordhamuniversity,9
devryuniversity,9
fashioninstituteoftechnology,9
ohiouniversity,9
carnegiemellonuniversity-tepperschoolofbusiness,9
thegeorgewashingtonuniversity,9
indianauniversitybloomington,8
universityofhartford,8
universityofoxford,8
universityofnorthcarolinaatchapelhill-kenan-flaglerbusinessschool,8
drexeluniversity,8
indianauniversity-kelleyschoolofbusiness,8
californiastateuniversity-chico,8
worcesterpolytechnicinstitute,8
tuftsuniversity,8
floridaatlanticuniversity,8
dukeuniversity-thefuquaschoolofbusiness,8
californiastateuniversity-fullerton,8
georgiastateuniversity,8
universityofoklahoma,8
devryinstituteoftechnology,8
hudsonvalleycommunitycollege,8
jamesmadisonuniversity,8
bentleyuniversity,8
californiastateuniversity-sacramento,8
binghamtonuniversity-schoolofmanagement,8
universityofchicago,8
westvirginiauniversity,8
coloradoschoolofmines,7
nationalchiaotunguniversity,7
fairleighdickinsonuniversity,7
rhodeislandschoolofdesign,7
utahstateuniversity,7
appalachianstateuniversity,7
tulaneuniversity,7
bucknelluniversity,7
newjerseyinstituteoftechnology,7
excelsiorcollege,7
massachusettsinstituteoftechnology-sloanschoolofmanagement,7
boisestateuniversity,7
universityofmissouri-columbia,7
universityofrhodeisland,7
newyorkuniversity-polytechnicschoolofengineering,7
miamiuniversity,7
universityofillinoisatchicago,7
universityofnewhampshire,7
northernillinoisuniversity,7
manhattancollege,7
theuniversityofakron,7
caltech,7
depauluniversity,7
stanforduniversityschoolofmedicine,7
hofstrauniversity,7
mit,7
vanderbiltuniversity,7
universityofnorthcarolinaatcharlotte,7
rutgersuniversity,7
americanuniversity,7
columbiaengineering,6
theuniversityofdallas,6
templeuniversity,6
westernnewenglandcollege,6
universityofidaho,6
stateuniversityofnewyorkcollegeatbuffalo,6
waldenuniversity,6
stanfordgraduateschoolofbusiness,6
paceuniversity-lubinschoolofbusiness,6
montanastateuniversity-bozeman,6
michigantechnologicaluniversity,6
stevensinstituteoftechnology,6
ketteringuniversity,6
washingtonuniversityinst.louis,6
universityofnewhaven,6
theuniversityoftexasataustin-theredmccombsschoolofbusiness,6
universityofcalifornia,6
"universityofcalifornia,berkeley,haasschoolofbusiness",6
universityofiowa,6
universityofmarylandbaltimorecounty,6
harvardmedicalschool,6
kellergraduateschoolofmanagementofdevryuniversity,6
babsoncollege,6
fairfielduniversity,6
sienacollege,6
"loyolamarymountuniversity,collegeofbusinessadministration",6
theohiostateuniversity-themaxm.fishercollegeofbusiness,6
universityofwisconsin-milwaukee,6
universityoftampa,6
waynestateuniversity,6
marquetteuniversity,6
nationaluniversityofsingapore,6
ucsd,6
illinoisinstituteoftechnology,6
bayloruniversity,6
regisuniversity,6
universityofcoloradodenver,6
californiainstituteoftechnology,6
universityofnorthcarolinaatwilmington,6
stateuniversityofnewyorkcollegeatplattsburgh,6
wrightstateuniversity,6
californiastateuniversity-eastbay,5
olddominionuniversity,5
universityatalbany,5
theuniversityofbritishcolumbia,5
northcarolinastateuniversity-collegeofmanagement,5
drakeuniversity,5
ucla,5
easternmichiganuniversity,5
centralconnecticutstateuniversity,5
ionacollege,5
shanghaijiaotonguniversity,5
providencecollege,5
pekinguniversity,5
theuniversityofchicago-boothschoolofbusiness,5
bostoncollege,5
manhattanvillecollege,5
universityofnottingham,5
stateuniversityofnewyorkatstonybrook,5
universityofnorthcarolinaatgreensboro,5
universityofwisconsin-whitewater,5
northdakotastateuniversity,5
itttechnicalinstitute,5
saintjohn'suniversity,5
canisiuscollege,5
universityofkansas,5
cityuniversityofnewyorkcitycollege,5
universityofkentucky,5
universityofmissouri-rolla,5
westtexasa&muniversity,5
bangaloreuniversity,5
"universityofcalifornia,losangeles-theandersonschoolofmanagement",5
"universityofcalifornia,irvine-thepaulmerageschoolofbusiness",5
georgiatech,5
theuniversityoftexasatelpaso,5
parsonsschoolofdesign,5
universityofmichigan-stephenm.rossschoolofbusiness,5
fordhamuniversity-graduateschoolofbusinessadministration,5
universityofcambridge,5
universityofnevada-reno,5
southernmethodistuniversity,5
newyorkinstituteoftechnology,5
portlandstateuniversity,5
stateuniversityofnewyorkcollegeatoswego,5
mcgilluniversity,5
northcarolinacentraluniversity,5
universityofmississippi,5
"universityofcalifornia,sanfrancisco",5
universityofalberta,5
universityofmassachusettsatamherst-isenbergschoolofmanagement,5
wentworthinstituteoftechnology,5
stateuniversityofnewyorkempirestatecollege,5
californiastateuniversity-losangeles,5
mississippistateuniversity,5
tsinghuauniversity,5
washingtonuniversityinst.louis-olinbusinessschool,5
"indianinstituteoftechnology,bombay",5
libertyuniversity,4
theuniversityoftexasataustin-redmccombsschoolofbusiness,4
stateuniversityofnewyorkinstituteoftechnologyatutica/rome,4
washingtonstateuniversity,4
universityofmarylanduniversitycollege,4
instituteforintegrativenutrition,4
osmaniauniversity,4
"universityofcalifornia,sandiego-theradyschoolofmanagement",4
universityofscienceandtechnologyofchina,4
hamiltoncollege,4
dowlingcollege,4
westernwashingtonuniversity,4
waketechnicalcommunitycollege,4
thecollegeofwilliamandmary,4
universityofmassachusettsdartmouth,4
clarkuniversity,4
theuniversityofchicagoboothschoolofbusiness,4
georgetownuniversity,4
bostonuniversityschooloflaw,4
universityofdayton,4
floridainstituteoftechnology,4
pepperdineuniversity,4
kentstateuniversity,4
universityoftoledo,4
theuniversityofnorthdakota,4
koreaadvancedinstituteofscienceandtechnology,4
columbiabusinessschool,4
columbiauniversity-fufoundationschoolofengineeringandappliedscience,4
albanylawschoolofunionuniversity,4
bowlinggreenstateuniversity,4
georgiastateuniversity-j.mackrobinsoncollegeofbusiness,4
universityofcoloradocoloradosprings,4
sanfranciscostateuniversity,4
bryantuniversity,4
bostonuniversity-schoolofmanagement,4
texasstateuniversity,4
seoulnationaluniversity,4
queen'suniversity,4
tecnolÃ¬_gicodemonterrey,4
indianschoolofbusiness,4
californiastatepolytechnicuniversity-pomona,4
colbycollege,4
nationalinstituteoftechnologykarnataka,4
universityofsouthcarolina-columbia,4
stateuniversityofnewyorkatnewpaltz,4
rensselaerpolytechnicinstitute-thelallyschoolofmanagementandtechnology,4
indianawesleyanuniversity,4
universityofmichigan-dearborn,4
simmonscollege,4
novasoutheasternuniversity,4
universityofmassachusettsboston,4
"pepperdineuniversity,thegeorgel.graziadioschoolofbusinessandmanagement",4
nationaltechnologicaluniversity,4
universityofsoutherncalifornia-marshallschoolofbusiness,4
longislanduniversity,4
vermonttechnicalcollege,4
"universitycollegelondon,u.oflondon",4
"minnesotastateuniversity,mankato",4
southdakotastateuniversity,4
stateuniversityofnewyorkcollegeatoneonta,4
unitedstatesmilitaryacademyatwestpoint,4
stonybrookuniversity,4
thejohnshopkinsuniversity-careybusinessschool,4
universityofwyoming,4
centralmichiganuniversity,4
cityuniversityofnewyork,4
lincolntechnicalinstitute-allentown,4
capellauniversity,4
theuniversityofkansas,4
nationaluniversity,4
harvardlawschool,4
theuniversityofmemphis,4
thegeorgewashingtonuniversity-schoolofbusiness,4
fudanuniversity,4
"indianinstituteoftechnology,madras",4
universityofpune,4
narseemonjeeinstituteofmanagementstudies,4
universityofarkansasatfayetteville,4
goldengateuniversity,4
theuniversityoftexasatsanantonio,3
granthamuniversity,3
syracuseuniversity-martinj.whitmanschoolofmanagement,3
saintjohn'suniversity-peterj.tobincollegeofbusiness,3
universityofst.thomas,3
universityofnortherncolorado,3
deanzacollege,3
usc,3
nyusternschoolofbusiness,3
stateuniversityofnewyorkcollegeatgeneseo,3
setonhalluniversity,3
visvesvarayatechnologicaluniversity,3
rensselaerpolytechnicinstituteathartford,3
virginiacommonwealthuniversity,3
carletonuniversity,3
universityoftennessee-knoxville,3
theuniversityofchicago,3
collegeofnewrochelle,3
"universityofhouston,c.t.bauercollegeofbusiness",3
bostoncollege-wallacee.carrollgraduateschoolofmanagement,3
ucdavis,3
"isenbergschoolofmanagement,umassamherst",3
williampatersonuniversityofnewjersey,3
thecollegeofsaintrose,3
institutnationaldessciencesappliquÃ¬Â©esdelyon,3
easternillinoisuniversity,3
sunypotsdam,3
tuskegeeuniversity,3
"indianinstituteoftechnology,kharagpur",3
trinityuniversity,3
tongjiuniversity,3
hamlineuniversity,3
monmouthuniversity,3
elonuniversity,3
universityofillinoisaturbana-champaign-collegeofbusiness,3
californiastateuniversity-longbeach-collegeofbusinessadministration,3
ballstateuniversity,3
portlandcommunitycollege,3
westerncarolinauniversity,3
texaschristianuniversity-m.j.neeleyschoolofbusiness,3
eastcarolinauniversity,3
sunyplattsburgh,3
forthaysstateuniversity,3
meredithcollege,3
theohiostateuniversityfishercollegeofbusiness,3
rose-hulmaninstituteoftechnology,3
delhiuniversity,3
strayeruniversity,3
thesagecolleges-sagecollegeofalbany,3
ramapocollegeofnewjersey,3
technion-israelinstituteoftechnology,3
sunystonybrook,3
universityofcolorado,3
chapmanuniversity,3
santaclarauniversityschooloflaw,3
middletennesseestateuniversity,3
universityofiowa-henryb.tippiecollegeofbusiness,3
simonfraseruniversity,3
theuniversityofconnecticutschoolofbusiness,3
universityofredlands,3
nationalinstituteoftechnologytiruchirappalli,3
sunyempirestatecollege,3
universityofutah-davidecclesschoolofbusiness,3
thehongkonguniversityofscienceandtechnology,3
clarionuniversityofpennsylvania,3
northernkentuckyuniversity,3
purdueuniversitycalumet,3
oregoninstituteoftechnology,3
floridainternationaluniversity,3
johnsonstatecollege,3
collegeoftheholycross,3
wheatoncollege,3
emersoncollege,3
universityofnebraskaatomaha,3
universityofsouthampton,3
universityofmiami,3
rowanuniversity,3
queenscollege,3
universityofflorida-warringtoncollegeofbusiness,3
"chicago-kentcollegeoflaw,illinoisinstituteoftechnology",3
americanintercontinentaluniversity,3
projectmanagementinstitute,3
universityofsouthaustralia,3
universityoflouisianaatlafayette,3
coventryuniversity,3
fairleighdickinsonuniversityÂ‰Ã»Ã_vancouver,3
yaleuniversity-yaleschoolofmanagement,3
communitycollegeoftheairforce,3
maduraikamarajuniversity,3
lemoynecollege,3
cityuniversityofnewyork-collegeofstatenisland,3
westernnewenglanduniversity,3
ithacacollege,3
georgiasouthernuniversity,3
hessercollege,3
davenportuniversity,3
depauluniversity-charlesh.kellstadtgraduateschoolofbusiness,3
universityofdenver,3
universityofminnesota-carlsonschoolofmanagement,3
universityofalabamainhuntsville,3
sacredheartuniversity,3
embry-riddleaeronauticaluniversity,3
azusapacificuniversity,3
rideruniversity,3
universityofsandiego,3
theuniversityofedinburgh,3
brandeisuniversity,3
"indianinstituteoftechnology,kanpur",3
insead,3
unioncollege,3
universityoflondon,3
bharathiaruniversity,3
bridgewaterstateuniversity,3
georgetownuniversity-themcdonoughschoolofbusiness,3
assumptioncollege,3
santaclarauniversity-leaveyschoolofbusiness,3
denisonuniversity,3
savannahcollegeofartanddesign,3
americanmilitaryuniversity,3
purdueuniversity-krannertschoolofmanagement,3
hofstrauniversityschooloflaw,3
batescollege,3
southernpolytechnicstateuniversity,3
elmhurstcollege,3
iowastateuniversity-collegeofbusiness,3
johnsonandwalesuniversity,3
universityofnebraska-lincoln,3
universityoftexas,3
californiastateuniversity-sanbernardino,3
loyolauniversitymaryland,3
"indianinstituteoftechnology,delhi",3
missouristateuniversity,3
columbiauniversity,3
pennsylvaniastateuniversity,3
newyorklawschool,3
websteruniversity,3
brenauuniversity,3
universityofwestflorida,3
georgetownuniversitylawcenter,3
annauniversity,3
universityofsouthernmaine,3
universityofhoustonlawcenter,3
colgateuniversity,3
universityofneworleans,3
southernconnecticutstateuniversity,3
briarcliffecollege,3
adelphiuniversity,3
foothillcollege,3
politecnicodimilano,3
delasalleuniversity,3
tarletonstateuniversity,3
samhoustonstateuniversity,3
norwichuniversity,3
miamidadecollege,3
springfieldcollege,3
loyolacollegeinmaryland,3
furmanuniversity,2
saltlakecommunitycollege,2
"indianinstituteofmanagement,bangalore",2
"longislanduniversity,c.w.postcampus",2
telavivuniversity,2
texasa&muniversity-maysbusinessschool,2
communitycollegeofvermont,2
universityofsouthernindiana,2
universityofhawaiiatmanoa,2
suffolkuniversity,2
theuniversityofglasgow,2
drewuniversity,2
rwthaachenuniversity,2
austincollege,2
indianauniversityofpennsylvania,2
universityofbath,2
columbusstatecommunitycollege,2
universityoflouisville,2
"universityofcalifornia,davis-graduateschoolofmanagement",2
njit,2
californiacollegeofthearts,2
rhodeislandcollege,2
universityofalaskafairbanks,2
universityofcincinnaticollegeoflaw,2
loyolauniversityofchicago,2
universitÃ¬Â©pierreetmariecurie(parisvi),2
northwestmississippicommunitycollege,2
universityofthewitwatersrand,2
novosibirskstateuniversity(nsu),2
mayfieldhighschool,2
michiganstateuniversity-theelibroadgraduateschoolofmanagement,2
thejohnshopkinsbloombergschoolofpublichealth,2
universityofrochester-williame.simongraduateschoolofbusinessadministration,2
st.mary'suniversity,2
"whartonschool,universityofpennsylvania",2
healdcollege,2
indianauniversity-purdueuniversityatindianapolis,2
technicaluniversitysofia,2
thecityuniversityofnewyork,2
ashforduniversity,2
st.olafcollege,2
gettysburgcollege,2
newyorkuniversityschooloflaw,2
ucsb,2
wichitastateuniversity,2
universityofelectronicscienceandtechnology,2
universityofphoenix-southerncaliforniacampus,2
westerngovernorsuniversity,2
eindhovenuniversityoftechnology,2
"r.v.collegeofengineering,bangalore",2
mainemaritimeacademy,2
pointparkuniversity,2
bostonuniversityschoolofmedicine,2
theuniversityofsouthernmississippi,2
vermontlawschool,2
universityofnorthalabama,2
georgewashingtonuniversity,2
indianauniversity-purdueuniversityatfortwayne,2
uci,2
alfreduniversity,2
usarmy,2
theamericancollege,2
universityofmaineatfarmington,2
"baruchcollege,cityuniversityofnewyork(cuny)",2
wilkesuniversity,2
sandiegostateuniversity,2
m.i.t.,2
londonschoolofeconomicsandpoliticalscience,2
harveymuddcollege,2
edinburghnapieruniversity,2
massachusettscollegeofart,2
westchesteruniversityofpennsylvania,2
americanuniversity-kogodschoolofbusiness,2
saintmary'scollegeofcalifornia,2
orangecoastcollege,2
northeastwisconsintechnicalcollege,2
ambertonuniversity,2
calpolypomona,2
jawaharlalnehrutechnologicaluniversity,2
georgemasonuniversity-schoolofmanagement,2
"indianinstituteofmanagement,calcutta",2
londonbusinessschool,2
umassamherst,2
earlhamcollege,2
universityofalabama,2
henryfordcommunitycollege,2
fordhamuniversityschooloflaw,2
portlandstateuniversity-schoolofbusiness,2
marylhurstuniversity,2
chicagostateuniversity,2
reformedtheologicalseminary,2
universityofscranton,2
brighamyounguniversity-idaho,2
universityofwisconsin-stout,2
nationaltaiwanuniversity,2
"californiastateuniversity,fresno",2
georgefoxuniversity,2
pontifÃ¬_ciauniversidadecatÃ¬_licadoriodejaneiro,2
oregonhealthandscienceuniversity,2
odessacollege,2
limestonecollege,2
itttech,2
marshalluniversity,2
"indianinstituteofmanagement,lucknow",2
northernarizonauniversity,2
thesagecolleges-sagegraduateschool,2
universityofmadras,2
bayloruniversity-hankamerschoolofbusiness,2
universityofmaryland,2
massasoitcommunitycollege,2
universityofmassachusetts,2
jacksonvilleuniversity,2
utd,2
berkleecollegeofmusic,2
oklahomachristianuniversity,2
easttennesseestateuniversity,2
uncchapelhill,2
cornelluniversity-s.c.johnsongraduateschoolofmanagement,2
niagarauniversity,2
glendalecommunitycollege,2
apics,2
easternwashingtonuniversity,2
saintanselmcollege,2
westvalleycollege,2
universityoftampa-johnh.sykescollegeofbusiness,2
universityofillinoiscollegeoflaw,2
thecitadel,2
robertmorrisuniversity,2
"goldengateuniversity,schooloflaw",2
internationalinstituteofinformationtechnology,2
beijinguniversityofpostandtelecommunications,2
netajisubhasinstituteoftechnology,2
universityofleeds,2
universidadefederaldeminasgerais,2
messiahcollege,2
kennesawstateuniversity,2
universityofzagreb/sveucilisteuzagrebu,2
kellergraduateschoolofmanagement,2
"universityofcalifornia,berkeley-waltera.haasschoolofbusiness",2
salemstateuniversity,2
thecooperunionfortheadvancementofscienceandart,2
missioncollege,2
universityofwisconsin,2
ulstercountycommunitycollege,2
cityuniversityofnewyork-herberth.lehmancollege,2
louisianatechuniversity,2
lamaruniversity,2
lafayettecollege,2
framinghamstatecollege,2
suffolkcountycommunitycollege,2
westchestercommunitycollege,2
universityofmarylandbaltimore,2
lynchburgcollege,2
occidentalcollege,2
universityofnorthflorida,2
polytechnicinstituteofnewyorkuniversity,2
californiauniversityofpennsylvania,2
southernmethodistuniversity-coxschoolofbusiness,2
indianastateuniversity,2
newhampshirecollege,2
rollinscollege,2
southwesternuniversity,2
michiganstateuniversity-theelibroadcollegeofbusiness,2
"universityofmichigan,annarbor",2
universityofvirginia-dardengraduateschoolofbusinessadministration,2
yalelawschool,2
universityofnewsouthwales,2
manchestercommunitycollege,2
navalpostgraduateschool,2
grandcanyonuniversity,2
plymouthstateuniversity,2
napieruniversity,2
eaststroudsburguniversityofpennsylvania,2
hawaiipacificuniversity,2
harpercollege,2
milwaukeeschoolofengineering,2
waynesburgcollege,2
newenglandlaw|boston,2
prairieviewa&muniversity,2
universityofwisconsin-greenbay,2
theuniversityoftennesseeatchattanooga,2
universityofminnesota,2
loyolauniversitychicago,2
thecollegeofnewjersey,2
fitchburgstateuniversity,2
st.john'suniversity,2
imperialcollegelondon,2
centralwashingtonuniversity,2
californiastateuniversity,2
wakeforestuniversity,2
medaillecollege,2
farmingdalestateuniversityofnewyork,2
"nationaluniversity'ivanfranko',lviv",2
corningcommunitycollege,2
stephenf.austinstateuniversity,2
hardinguniversity,2
weberstateuniversity,2
bellevuecommunitycollege,2
albertusmagnuscollege,2
peacecollege,2
universityoflaverne,2
mountidacollege,2
pennstate,2
al-jami'ahal-urdunia,2
universityofsouthcarolina-themooreschoolofbusiness,2
st.cloudstateuniversity,2
southernwesleyanuniversity,2
"collegeofnanoscalescieceandengineering,sunyalbany",2
universityofwisconsin-eauclaire,2
sunynewpaltz,2
"universityofcalifornia,berkeley-schooloflaw",2
bowdoincollege,2
st.bonaventureuniversity,2
stateuniversityofnewyorkcollegeatcortland,2
stetsonuniversitycollegeoflaw,2
universityofwisconsin-stevenspoint,2
universityofcoloradoboulder-leedsschoolofbusiness,2
bergencommunitycollege,2
universityofmumbai,2
universityofrichmond,2
shenyanguniversityoftechnology,2
technischeuniversitÃ¬_tdresden,2
claremontmckennacollege,2
glasgowcaledonianuniversity,2
communitycollegeofrhodeisland,2
massachusettscollegeofpharmacyandhealthsciences,2
india,2
broomecommunitycollege,2
emoryuniversity,2
universityofportsmouth,2
universityofsurrey,2
northparkuniversity,2
clevelandstateuniversity,2
universityofyork,2
defenseacquisitionuniversity,2
theuniversityofsheffield,2
onondagacommunitycollege,2
greenvilletechnicalcollege,2
franklinpiercelawcenter,2
francismarionuniversity,2
universityofnotredame-mendozacollegeofbusiness,2
leecollege,2
highschool,2
texaschristianuniversity,2
columbiasouthernuniversity,2
westernmichiganuniversity-haworthcollegeofbusiness,2
sulrossstateuniversity,2
virginiacommonwealthuniversity-schoolofbusiness,2
ucsdextension,2
nyu,2
saintlouisuniversity,2
devry,2
universityofportland,2
thecatholicuniversityofamerica,2
brnouniversityoftechnology,2
sunycortland,2
universityoftexasataustin,2
sunybinghamton,2
calstatehayward,2
universityofsunderland,2
baruchcollege,2
keenestatecollege,2
lasalleuniversity,2
ecolecentraleparis,2
cochinuniversityofscienceandtechnology,2
"southernillinoisuniversity,edwardsville",2
kenyoncollege,2
andhrauniversity,2
universityofsaintthomas-schoolofbusiness,2
saintjoseph'suniversity,2
southwesttexasstateuniversity,2
utaustin,2
"universityofcalifornia,merced",2
tulaneuniversity-a.b.freemanschoolofbusiness,2
southchinauniversityoftechnology,2
jacksonstateuniversity,2
southeasternlouisianauniversity,2
baylorcollegeofmedicine,2
thegeorgewashingtonuniversitylawschool,2
theuniversityofconnecticutschooloflaw,2
weizmanninstituteofscience,2
southernmethodistuniversitydedmanschooloflaw,2
westmontcollege,2
fullsailuniversity,2
augustastateuniversity,2
casewesternreserveuniversity-weatherheadschoolofmanagement,2
antiochuniversity-losangeles,2
waynesburguniversity,2
"institutotecnolÃ¬_gicoydeestudiossuperioresdeoccidente,a.c.",2
themaharajasayajiraouniversityofbaroda,2
universityofwisconsin-lacrosse,2
medicaluniversityofsouthcarolina,2
universityofgeorgia-terrycollegeofbusiness,2
towsonuniversity,2
concordiauniversity,2
coursera,2
xavieruniversity,2
cornelluniversity-johnsongraduateschoolofmanagement,2
nassoncollege,1
burlingtonhighschool,1
universityofnewhampshire-whittemoreschoolofbusinessandeconomics,1
internationaleagrarischehogeschoollarenstein,1
universityofappliedsciences,1
bba,1
nazarethcollegeofrochester,1
badegreeinadministrationofcriminaljusticefromparkcollege,1
academyofartuniversity,1
rwthaachen,1
citycollegeofthecityuniversityofnewyork,1
coppermountaincommunitycollege,1
foxvalleytechnicalcollege,1
universitÃ¬Â©desherbrooke,1
ihrd,1
sophiauniversity,1
shahidbeheshtiuniversityofmedicalsciencesandhealthservices,1
unitedstates,1
"rutgers,thestateuniversityofnewjersey-rutgersbusinessschool",1
collegedegree,1
st.andrewspresbyteriancollege,1
californiapacificuniversity,1
massachusettscollegeliberalarts,1
xi'anjiaotonguniversity,1
technischeuniversitÃ¬_tmÃ¬_nchen/tumunich,1
emoryandhenrycollege,1
lusÃ¬_adabusinessschool-portugal,1
macombcommunitycollege,1
senecacollegeofappliedartsandtechnology,1
italianpublicuniversity-naples,1
"johnsonstatecollege,universityofvermont",1
universityofrochester-williame.simongraduateschoolofbusinessadministration(ch),1
universityofminnesota-schoolofpublichealth,1
landeruniversity,1
pointlomanazareneuniversity,1
irvinehighschool,1
vanguarduniversity,1
episcopalhighschool,1
italy,1
clarkatlantauniversity,1
_Ã¯__Â„ÂÅ_Â_____Â„ÂÅ_Â__Ã____Ã___Â„ÂÅÂ„Ã__Â«_Â¡Â„Ã»Â„ÂÅÂ„Ã¢___Âµ____Â„Ã____Â£___Ã____ÂµÂ„Ã»Â„ÂÅ_Ã_Â„Ã¢_ÂµÂ„Ã¢_Ã___._Ã¯._Ãµ._Ã___________Â„ÂÅ_____Â¡(_Ã¯_Ã__Â£),1
mississippicollege,1
universityofminnesota2003,1
concordiacollege,1
benedictineuniversity,1
northkansascityhighschool,1
theuniversityofwesternontario,1
northeasternuniversity-graduateschoolofbusinessadministration,1
prattinstitute,1
thomascollege,1
southwindsorhighschool,1
"aircommandandstaffcollege,usairforce",1
northwesternhealthsciencesuniversity,1
hillsborohighschool,1
ced,1
ukm,1
wuhanuniversity,1
columbiaunioncollege,1
bemidjistateuniversity,1
pepperdinegraduateschoolofeducationandpsychology,1
wallawallauniversitycollege,1
californiawesternschooloflaw,1
missouriuniversityofscienceandtechnology,1
"preservationmanagementinstitute,rutgersuniversity",1
universityofmissouri-st.louis,1
mountsaintmary'scollege,1
universityofnorthwestern-st.paul,1
newenglandinstituteofart,1
fayettevilletechnicalcommunitycollege,1
tuftsuniversityschoolofmedicine,1
iupdel'ubodebrest,1
johncarrolluniversity,1
graduateschoolofsavingsandloan,1
gtesylvaniatechnicalschoolÂ‰Ã»Ã_acquiredbywentworthinstituteoftechnologyÂ‰Ã»Ã_bostonma,1
sunybuffalolawschool,1
southwesterncollegesandiegoca.,1
stlukeshospitalschoolofnursing,1
theuniversityofiowa,1
mt.vernon,1
coloradoschooloftradesgunsmithingschool,1
"westvirginiauniversity:pearlyisaacreedschoolofjournalism	morgantown,wv",1
bridgewaterstatecollege,1
stetsonuniversity,1
bilkentÃ¬Ã¯niversitesi/bilkentuniversity,1
"sophiauniversity(tokyo,japan)",1
akademiemÃ¬Â_zickÃ¬_chumÂ€Ã_nÃ¬_vpraze,1
fortlewiscollege,1
williampennuniversity,1
williammitchellcollegeoflaw,1
syracuseuniversity-maxwellschool,1
universityofillinoisspringfield,1
pennsylvaniastateuniversity-greatvalleygraduatecenter,1
christcollegeofengineering,1
chung-anguniversity,1
berkeleyhigh,1
uoft,1
universityofthepacific,1
humboldt-universitÃ¬_tzuberlin,1
cambridgeuniversity,1
minothighschool,1
corcorancollegeofartanddesign,1
stthomas,1
virginiapolytechnicinstitute,1
universityofrajasthan,1
"universityatalbany,stateuniversityofnewyork",1
archbishopcurleyhighschool,1
texaswesleyanschooloflaw,1
"northernmichiganuniversity-marquette,michigan",1
universityofillinoiscollegeofveterinarymedicine,1
pondicherryuniversity,1
universidaddeguanajuato,1
kumaragurucollegeoftechnology,1
"hauteecole,quaregnon(belgium)",1
dublincityuniversity,1
"universityofcalifornia,santabarbara(ucsb)",1
antiochuniversity,1
sewardcountycommunitycollegeandareatechnicalschool,1
"lokeyschoolofmanagment,millscollege",1
lakeshorehighschool,1
rainbowaviation,1
univesityofrhodeisland,1
loganuniversity,1
bellevueuniversity,1
kyungheeuniversity,1
heald,1
universityofcaliforniairvine,1
"bishopshaltschool,hillingdon,middx",1
emory&henrycollege,1
uscommunitycollegeoftheairforce,1
maharishiuniversityofmanagement,1
itttechnicalinstitute-portland,1
generalassembly,1
karazinkharkivnationaluniversity,1
methodisttheologicalschoolinohio,1
universityofcincinnaticollegeofbusiness,1
paulmitchelltheschool-schenectady,1
sunygeneseo,1
bereahighschool,1
gwangjuinstituteofscienceandtechnology,1
moscowengineeringphysicsinstitute(stateuniversity),1
templeuniversity-tylerschoolofart,1
ejhs,1
"universityofibadan,ibadannigeria",1
universityofcolombo,1
other,1
penncotech,1
coloradostateuniversity-pueblo,1
universityofeastanglia,1
stephenf.austinuniversity,1
lycomingcollege,1
willametteuniversity,1
universityofwisconsn-milwaukee,1
"universityofcalifornia,riverside-a.garyandersongraduateschoolofmanagement",1
newhorizons,1
sangerhighschool,1
collegeofsaintbenedict,1
villanovauniversityschooloflaw,1
cardinalstritchuniversity,1
businessschool,1
kuvempuvishwavidyanilaya,1
belfast,1
"trinitycollege,burlingtonvermont",1
vanihighschool,1
centralctstateuniversity,1
ramapocollegeofnj,1
templeuniversity-jamese.beasleyschooloflaw,1
sarahlawrencecollege,1
marywashingtoncollege,1
texasa&m,1
tuftsuniversityfriedmanschoolofnutritionscienceandpolicy,1
polandseminaryhighschool,1
coastlinecommunitycollege,1
theuniversityofcalgary,1
girardcollegehighschool,1
"dr.d.y.patilcollege,pimpri",1
edinborouniversityofpennsylvania,1
newmexicoinstituteofminingandtechnology,1
kyushuuniversity,1
oralrobertsuniversitytulsa,1
georgemasonuniversityschooloflaw,1
university,1
"gambiamuslimhighschool,ruraldevelopmentinstitute-gambia,un.mthr&chlhlondonmdigambia",1
adlaie.stevensonhighschool,1
universityofflorida-warringtoncollegeofbusinessadministration,1
hiramcollege,1
universityofsoutherncalifornialawschool,1
m.tech,1
universityofdetroitmercy,1
alfredstatecollege-sunycollegeoftechnology,1
pattonuniversity,1
self-teaching,1
queensuniversityofcharlotte,1
lasierrauniversity,1
mbaindianauniversity,1
nizhniinovgorodlinguisticuniversity,1
northcentraluniversity,1
ohionorthernuniversity,1
catawbacollege,1
eckinstituteforglobalhealthattheuniversityofnotredame,1
srivenkateswarauniversity,1
kaplanprofessionalschools,1
edgewoodhighschool,1
newyorkcollegeforhealthprofessionals,1
royalmilitarycollegeofscience,1
californiastateuniversity-montereybay,1
"westminstercollegenewwilmington,pa",1
universityofthesouthwest,1
cfainstitute,1
kyungpooknationaluniversity,1
universityoftwente,1
universityofbahrain,1
"instituteofmathematics,nationalacademyofsciencesofu&kraine",1
"brenschool,ucsb",1
theuniversityofnewmexico-roberto.andersonschoolofmanagement,1
universityoftennessee-healthsciencecenter,1
mcmasteruniversity,1
yaleuniversityschoolofmedicine,1
thielcollege,1
sunydelhiatschenectadycountycommunitycollege,1
californiastateuniversity-hayward-schoolofbusinessandeconomics,1
hardknocksuniiversity,1
universitÃ¬Â©monptellier2,1
universidadeestadualdecampinas,1
foreigntradeuniversity,1
gramblingstateuniversity,1
mountmercyuniversity,1
nationaltsinghuauniversity,1
philadelphiauniversity,1
ccri,1
"rutgers,thestateuniversityofnewjersey-newark",1
valenciacommunitycollege,1
britishcolumbiainstituteoftechnology,1
national-louisuniversity,1
ivytechcommunitycollege-bloomington,1
tourocollegejacobd.fuchsberglawcenter,1
westfieldstateuniversity,1
universityofdelaware-lernercollegeofbusinessandeconomics,1
theuniversityofnewmexicoschoolofmedicine,1
ashlanduniversity,1
docent(associateprofessor),1
asburyuniversity,1
ohionorthernuniversityÂ‰Ã»Ã_claudew.pettitcollegeoflaw,1
goldenwestcollege,1
tennesseestateuniversity,1
"petersburgnuclearphysicsinstitute,ras",1
pontifÃ¬_ciauniversidadecatÃ¬_licadoparanÃ¬Ã¡,1
montereycollegeoflaw,1
harvarduniversitykennedyschoolofgovernment,1
iesebusinessschool-universityofnavarra,1
"chemicalpharmaceuticalacademy,st.-petersburg,russia",1
wallawallacollege,1
lincolnuniversity(mo),1
communitycollegeoftheusairforce,1
universaltechnicalinstituteoftexasinc,1
cerritoscollege,1
"northernmichiganuniversity	may2011",1
uw-whitewater,1
kwangwoonuniversity,1
quincybeautyacademy,1
saintvincent'scollege,1
clevelandinstituteofart,1
memorialhighschoolcedargrovenj,1
rutgersuniversityschooloflaw-newark,1
universityofwisconsinmadison,1
universityofpittsburgh-greensburg,1
fayettevillestateuniversity,1
californiamaritimeacademy,1
devryuniversity-illinois,1
tel-avivuniversity,1
universityoftexasatdallas,1
mcad,1
katharinegibbsschool,1
northcarolinawesleyancollege,1
virginiastateuniversity,1
champanuniversity,1
mit(sb)andbrandeis(phd),1
rheinischefriedrich-wilhelms-universitÃ¬_tbonn,1
davidn.myersuniversity,1
kÃ¬Ã_benhavnsuniversitet,1
universityofbaltimore,1
cityuniversityofnewyork|schoolofprofessionalstudies,1
usmc,1
navalnuclearpowertrainingcommand,1
miracostacollege,1
"lesroches,switzerland",1
universitÃ¬Â©libredebruxelles,1
icgq,1
californiastateuniversity-fresno,1
universidaddevalencia,1
visveswariahtechnologicaluniversitybelgaum,1
tennesseetempleuniversity,1
universityofsouthcarolina,1
washingtoncollege,1
columbiacollege,1
nationalinstituteofmentalhealthandneurosciences,1
glendalehighschool,1
mdsheerlen,1
columbiauniversityschoolofdentalmedicine,1
scrippscollege,1
perscholasinstituteoftechnology,1
universityofhyderabad,1
collegeforcreativestudies,1
devryuniverity,1
kalamazoovalleycommunitycollege,1
dartmouthcollege-thetuckschoolofbusinessatdartmouth,1
singapore-mitalliance,1
durhamhighschool,1
"dcjs,fbi,dhs,nra-le",1
"smcuniv./ucn(dualdoctorialdegree:dba/phd,ongoing),coventryuniv.(mba),regentuniv.(bsc),accrapoly.(hnd)",1
northcarolinaagriculturalandtechnicalstateuniversity,1
washingtonuniversity-st.louis,1
mercercountycommunitycollege,1
universityofnewhampshire--petert.paulcollegeofbusinessandeconomics,1
desalesuniversitymba,1
glasgowuniversity,1
universityofnevada-lasvegas,1
healdcollege-sanfrancisco,1
nyurobertf.wagnergraduateschoolofpublicservice,1
gaziuniversity,1
saintthomasaquinascollege,1
richlandhighschool,1
morningsidecollege,1
thayerschoolofengineeringatdartmouth,1
"greenock,scotland",1
kentuckycollegeoftechnology,1
jdfromregentuniversitycollegeoflaw,1
clevelandinstituteofelectronics,1
mountwachusettcommunitycollege,1
"nyu,lsuandartinstitute",1
"benjaminfranklinhigh,boricuacollegenyc,",1
barilanuniversity,1
"iim,calcutta",1
hartfordhospitalschoolofcytotechnology,1
lavc,1
"kearsleyhighschool,mottcommunitycollege",1
unversityofcaliforniaatberkeley,1
universitÃ¬Â©detoulouse-le-mirail(toulouseii),1
allindiainstituteofmedicalsciences,1
nationalwarcollege,1
universityofsarajevo,1
mohawkvalleycommunitycollege,1
westsÃ¬_chsischehochschulezwickau,1
st.petersburgcollege,1
bellevuecollege,1
ashworth,1
symbiosisinstituteofmanagementstudies,1
universitycollegebirmingham,1
stringhamrealestatecollege,1
californiapolytechnicstateuniversity,1
murraystateuniversity,1
albanymedicalcenter,1
sunyinstituteoftechnology,1
palmbeachatlanticuniversity,1
"universityofwashington,michaelg.fosterschoolofbusiness",1
"universityofcalifornia,santacruz(ext)",1
thefashioninstituteofdesignandmerchandising/fidm,1
richlandcollege,1
northamptoncommunitycollege,1
universityofsouthernmississippi,1
iebusinessschool,1
parkuniversity,1
carlsandburgcollege,1
otterbeincollege,1
leadershipberksofalverniauniversity,1
"instituteofchemistry,chineseacademyofsciences",1
bangladeshuniversityofengineeringandtechnology,1
universityofguelph,1
ryehighschool,1
universityofliverpool,1
universityofdubuque,1
theuniversityoftokyo,1
nyupoly,1
centralfloridaschoolofmassagetherapy,1
madison,1
internationalacademyofdesignandtechnology,1
susquehannauniversity,1
universitycollegecork,1
ocaduniversity,1
heriot-wattuniversity,1
ohiouniversity-lancaster,1
franklinpierceuniversity,1
cardiffuniversity/prifysgolcaerdydd,1
ketchamhighschool,1
ge'sfinancialmanagementprogram,1
universityofillinoisatchicago-collegeofengineering,1
miohawkvalleycommunitycollege,1
electronicsinstitues,1
st.mary'scollegeofcalifornia,1
mt.sanantoniocollege,1
southeasternacademy,1
clarkson,1
"lafolletteschoolofpublicaffairs,universityofwisconsin",1
ncstateuniversity,1
dmaisalesacademyi&ii,1
rockhurstuniversity,1
unitedstatesnavalwarcollege,1
edinburghuniversity,1
iowawesleyancollege,1
californiastateuniversitysanmarcos,1
phillipsbethisraelschoolofnursing,1
"semiconductorcomplexlimited(scl),mohali,chandigarh",1
nationalinstituteoftechnologywarangal,1
wassonhighschool,1
harvard,1
californiastateuniversity-hayward,1
st.francisxavieruniversity,1
universidademetodistadesÃ¬Â£opaulo,1
larsoneducationalservices,1
aljami'atal-hashimiyyah,1
spauldinghighschool,1
symbiosisinternationaluniversity,1
nagarjunauniversity,1
"nmsu,lascrucesnm",1
georgiastateuniversitycollegeoflaw,1
escpeurope,1
camdencountycollege,1
institutotecnolÃ¬_gicoydeestudiossuperioresdemonterrey,1
californiabaptistuniversity,1
albioncollege,1
"sad#54,skowhegan,maine",1
raritanvalleycommunitycollege,1
emoryuniversity-goizuetabusinessschool,1
bardcollege,1
palmbeachcommunitycollege,1
frontrangecommunitycollege,1
universityofgroningen,1
southerncollege,1
universitÃ¬Ãªdeglistudidipisa,1
"indianinstituteofmanagement,shillong",1
universitÃ¬Â©parisdauphine,1
universityofpugetsound,1
cvphmedicalcenterschoolofradiologictechnology,1
walden,1
clintoncommunitycollege,1
"londonschoolofhygieneandtropicalmedicine,u.oflondon",1
theuniversityoftexasmedicalbranchatgalveston,1
"m.a.journalism,universityofsouthcarolina.b.s.southernvermontcollege",1
argosyuniversity,1
americanpublicuniversitysystem,1
lsufloresmbaprogram,1
"purchasecollege,suny",1
kentridgehighschool,1
northumbriauniversity,1
cathedralhighschool,1
goldeybeacomcollege,1
cityuniversityofnewyork-queenscollege,1
miaminorlandseniorhighschool,1
purdueschoolofengineeringandtechnology,1
"babsoncollege,f.w.olingraduateschoolofbusiness,wellesley,ma",1
thecollegeofnewrochelle,1
southdakotaschoolofminesandtechnology,1
"universityofarizona,ellercollegeofmanagement",1
southplainscollege,1
bostoncollegelawschool,1
grinnellcollege,1
sdsuanducsandiego(ucsd),1
rockefelleruniversity,1
pitzercollege,1
collegeofflorida,1
buffalostatecollege,1
"cambridgeuniversity,england",1
st.joseph'suniversity,1
howarduniversityandshenandoahuniversity,1
"universityofcalifornia,sandiego-schoolofmedicine",1
nyit,1
inhauniversity,1
universidadautÃ¬_nomadeguadalajara,1
king'scollegelondon,1
hecmontreal,1
centralmissouristateuniversity,1
"communitycollegeoftheairforce,pimajrcollege,weberstateuniversity",1
unitedstatesdepartmentoflabor,1
internationalbusinesscollege,1
theuniversityofsouthdakota,1
northtoronto,1
ptec,1
privateschooltunon,1
texasa&minternationaluniversity,1
ncsu,1
ricehighschool,1
southwesternuniversityschooloflaw,1
retailleadership,1
lomonosovmoscowstateuniversity(msu),1
shorteruniversity,1
georgiacollegeandstateuniversity,1
"universityofcalifornia,berkeleyextension",1
universityofwisconsin-platteville,1
ie(institutodeempresa),1
"suny,collegeofnanoscalescienceandengineering",1
"antiochnewenglandgraduateschool,antiochuniversity",1
salemstatecollege,1
columbiauniversityschooloflaw,1
californialutheranuniversityschoolofmanagement,1
chattahoocheetechnicalcollege,1
oralrobertsuniversity,1
newhorizonscomputerlearninginstitute,1
northwesttechnicalinstitute,1
universityofcaliforniasantacruz(extension),1
vanderbiltuniversityschoolofmedicine,1
almedacollege,1
sillimanuniversity,1
cayugacountycommunitycollege,1
alliancefrancaiselyon,1
utsouthwesternmedicalcenter,1
universityofstrathclyde,1
st.lawrenceuniversity,1
delawarevalleycollege,1
hanseiuniversity,1
griffithuniversity,1
umasslowell,1
generaltheologicalseminary,1
indianauniversityschoolofmedicine,1
newhorizonscomputerlearningcenters,1
universityofsalford-uk,1
cuyahogacommunitycollege,1
universitÃ¬Â©parissud(parisxi),1
bobjonesuniversity,1
pimacommunitycollege,1
deendayalupadhyaygorakhpuruniversity,1
saintjosephcollege,1
lehighuniversity-collegeofbusinessandeconomics,1
mitsloanschoolofmanagement,1
itisa.meuccifirenze,1
universitÃ¬_tderbundeswehrmÃ¬_nchen,1
(sim)societyofinformationmanagement,1
altoroscloudfoundrytraining,1
"nationalcenterfornanoscienceandtechnology,chineseacademyofsciences",1
parklandcollege,1
thebritschoolforperformingartsandtechnology,1
graduateschoolofthechineseacademyofsciences,1
aleppounivercity,1
collegeofsaintelizabeth,1
greenwichhigh,1
padmashreedrd.y.patilvidyapeeth,1
sunyatbuffalo,1
universityofst.thomas(tx),1
wellesleycollege,1
virginiamilitaryinstitute,1
universidadedesaopaulo(usp),1
eriecommunitycollege,1
universityofdenver-danielscollegeofbusiness,1
oaklanduniversity,1
"sambalpuruniversity,india",1
castletonstatecollege-champlaincollege,1
aarhusuniversitetÂ•_Ã®denmark,1
universidadcomplutensedemadrid,1
itilfoundation,1
demontfortuniversity,1
unsw,1
interdenominationaltheologicalcenter,1
archbishopstepinac,1
alliantinternationaluniversity-losangeles,1
"metropolitan/brooklyn,ny",1
universityofottawa/universitÃ¬Â©d'ottawa,1
quinnipiacuniversity,1
"northeasternuniversity,boston",1
universityofgeorgia,1
"johnson&walesschooloftechnology,worcester,ma",1
kaplan,1
kvccwtta,1
nanyangtechnologicaluniversity,1
shepherduniversity,1
delft,1
olddominionuniversityandnorfolkstateuniversity,1
cedarvalleycollege,1
hobartandwilliamsmithcolleges,1
"carnegiemellonuniversity,universityofpittsburgh",1
castleberryhighschool,1
niagara,1
lomalindauniversity,1
privateuniversity,1
grandvalleystateuniversity,1
universityofhouston-downtown,1
sunyorange,1
merceruniversity-stetsonschoolofbusinessandeconomics,1
univerisityofflorida,1
lindenwooduniversity,1
thenationalgraduateschool,1
hallmarkinstituteofphotography,1
postgraduate,1
lnaepr0049-jan30,1
universityofst.andrews,1
easttennesseestateuniversityjamesh.quillencollegeofmedicine,1
milwaukeeareatechnicalcollege,1
universitÃ¬Ãªdeglistudidel'aquila,1
hennepintechnicalcollege,1
rasmussencollege-minnesota,1
lakeheaduniversity,1
"brown,sc.b;ucla,phd",1
bilkentuniversity,1
liu,1
punjabtechnicaluniversity,1
leeuniversity,1
hampden-sydneycollege,1
lincolntechnicalinstitute,1
northwesternuniversityschooloflaw,1
tritoncollege,1
"universityofkentucky,usa",1
southeastmissouristateuniversity,1
arizonastateuniversitycollegeoflaw,1
suny,1
universityoflincoln,1
ecolenationalesupÃ¬Â©rieuredesminesdeparis,1
yeshivauniversity,1
shippensburguniversityofpennsylvania,1
lawrencetechnologicaluniversity,1
umdnj,1
devryuniversity-texas,1
casewesternreserveuniversityschoolofmedicine,1
morrisbrowncollege,1
southfield-lathrup,1
universidaddeguadalajara,1
riosoladocollege,1
universityofedinburgh,1
"universityofmaryland,college",1
christendomcollege,1
universiteitantwerpen,1
ecoleafricainedesmetiersdel'architectureetd'urbanisme,1
usnavalacademy,1
mumbaiuniversity,1
sfsu,1
universityofpittsburghschooloflaw,1
bharathidasanuniversity,1
lebanonvalleycollege,1
"universityofcolorado,coloradosprings",1
beihanguniversity,1
duke-nusgraduatemedicalschool,1
universityoftennessee-knoxville-collegeofbusinessadministration,1
"chapmanuniversity,thegeorgel.argyrosschoolofbusinessandeconomics",1
collegeofwilliam&mary,1
nwtc,1
roosevelthighschool,1
uiuc,1
instituteofcompanysecretariesofindia,1
phddivinity,1
universidadedesÃ¬Â£opaulo,1
hrcertificationinstitute,1
harvardexecutiveleadershipprogram,1
copenhagenschoolofglobalhealth,1
juniatacollege,1
norfolkstateuniversity,1
tohokuuniversity,1
tkmcollegeofengineering,1
"internationalschoolofmanagement,mÃ¬_nchen",1
gujaratuniversity,1
universitymilan,1
tridentuniversityinternational,1
leedsdentalinstitute,1
massachusettscollegeofliberalarts,1
weatherheadschoolofmanagementatcasewesternreserveuniversity,1
chasegeny,1
missouriinstituteoftechnology,1
psychoanalyticcenterofphiladelphia,1
chaparralhighschool,1
tourouniversity,1
"mscinsustainabletourism,luighgurakuqiuniversityofshkodra",1
cairouniversity,1
generalelectricedisonengineerprogram,1
westerninternationaluniversity,1
louisd.brandeisschooloflawattheuniversityoflouisville,1
johnbrownlimitedcourses,1
theuniversityofwesternaustralia,1
universityofrichmond-robinsschoolofbusiness,1
universityoftexasattyler,1
krspallavancollegeofpharmacy,1
cityuniversityofnewyork-huntercollege,1
universityofmassachusettsboston(bsc),1
kinstonhighschool,1
rhodescollege,1
concordiauniversitychicago,1
castletonstatecollege,1
newhampshiretechnicalcollege,1
johnshopkinsschoolofpublichealth,1
uninverstyofsouthcarolinanavyext.,1
revereacademyofjewelryart,1
teacherscollegeofcolumbiauniversity,1
universityoftoronto-rotmanschoolofmanagement,1
sandiegomesacollege,1
herzinguniversity-brookfield,1
thejohnshopkinsuniversity-paulh.nitzeschoolofadvancedinternationalstudies(sais),1
wideneruniversityschooloflaw,1
johnjay,1
ruhr-universitÃ¬_tbochum,1
zhejianguniversity,1
thecollegeofwilliamandmary-themasonschoolofbusiness,1
"wilmaboydcareerschool,pittsburgh,pa",1
astonuniversity,1
u.c.riverside,1
"williamglasserinstituteatloyolamarymountuniversity,ca",1
advancedmathandscienceacademycharterschool,1
lakelandcommunitycollege,1
arizonawesterncollege,1
"universityofphoenix,pasadena,ca",1
waynestateuniversitylawschool,1
sureshgyanviharuniversity,1
polkcommunitycollege,1
montclairstateuniversity,1
uncgreensboro,1
trinitycollege,1
universityofcentralflorida-collegeofbusinessadministration,1
louisianastateuniversityandagriculturalandmechanicalcollege,1
universitÃ¬Â©paris-sorbonne,1
"birkbeckcollege,universityoflondon",1
americanacademyofanti-agingmedicine,1
universityofsouthfloridaschoolofinformation,1
univ.ofms,1
glenbardeasthighschool,1
st.luke'smemorialschoolofnursing/suny,1
"haasschoolofbusiness,ucberkeley",1
"universityofnevada,lasvegas",1
universityofpretoria/universiteitvanpretoria,1
mmc,1
mscee,1
_Ãª__Â„ÂÅÂ„ÂÅ_Ã___Â„ÂÅ_Â__Ã______Â__________Ã_Â„Ã _ÂµÂ„ÂÅ_Â__Ã____Â£___Ã____ÂµÂ„Ã»Â„ÂÅ_Ã_Â„Ã¢_ÂµÂ„Ã¢_Ã___._Ã_._Ãµ._Ã__Ã¨_ÂµÂ„Ã©_Â¡_______Â¡//plekhanovrussianuniversityofeconomics,1
"universityofreading,unitedkingdom",1
enscachan,1
columbiauniversitymailmanschoolofpublichealth,1
technicaluniversityofcatalonia,1
ateneodemanilauniversity,1
unckenan-flaglerbusinessschool,1
universityofbasel,1
centenarycollegeoflouisiana,1
muskegoncommunitycollege,1
"facultyoftranslationstudies,linguisticsandculturalstudies,germany",1
arlingtonhighschool,1
ndsu,1
ucsdjacobsschoolofengineering,1
johnjaycollegeofcriminaljustice,1
chaminadeuniversityofhonolulu,1
tomskstateuniversity,1
technicaluniversityberlin,1
universityofminnesotalawschool,1
walshcollege,1
indiragandhinationalopenuniversity,1
Â“Ã£Ã_Â“Â¢Ã©Â‘Ã®Ã»Â’Â¥ÂªÂêÂµÂê,1
saintlawrenceuniversity,1
woburnhigh,1
bentleycollege,1
wroclawuniversityoftechnology,1
"universityofmassachusetts,isenbergschoolofmanagement",1
foxcollegeinc,1
paulroosgimnasium,1
symbiosisinstituteofbusinessmanagement,1
lampeteruniversity,1
artinstituteofraleigh/durham,1
purduebsee,1
universityofthearts,1
broadviewuniversity,1
mitgreaterbostonexecutiveprogram,1
exxon/dolinstrumentationapprenticeship,1
theartinstitutesinternational-minnesota,1
troyuniversity,1
northernvirginiacommunitycollege,1
jamestownhigh,1
"texasa&muniversity,departmentofeducation",1
montgomerycountycommunitycollege,1
universityofphoenix-bostoncampus,1
fremontseniorhighschool,1
enpelharrach,1
embryriddleaeronauticaluniversity-worldwide,1
carverhighschool,1
psgcollegeoftechnology,1
athloneinstituteoftechnology,1
aof,1
hecparis,1
universitÃ¬Â©demontrÃ¬Â©al,1
t.g.p.c.e.t.nagpur,1
alpertmedicalschoolofbrownuniversity,1
universityofsoutherncalifornia-viterbischoolofengineering,1
peoplesacademyhighschool,1
northnewtonhighschool,1
"benjaminn.cardozoschooloflaw,yeshivauniversity",1
eastfieldcollege,1
"lamda,london",1
eastwestcollegeofthehealingarts,1
ecolenationaledelastatistiqueetdel'analysedel'information,1
uncwilmington,1
automotivetraininghudsonvalleycommunitycollege,1
universityofmissouri-saintlouis,1
"universityofcincinnati,rice",1
cityuniversityofnewyork-baruchcollege-zicklinschoolofbusiness,1
sanjuancollege,1
universityoftoledocollegeoflaw,1
itttechnicalinstitute-tampa,1
americaninternationalcollege,1
polytechnicuniversity,1
indianainstituteoftechnology,1
southernuniversityofnewhampshire,1
stateuniversityofnewyorkcollegeatbrockport,1
universityofaberdeen,1
haywardstate&sanjosestate,1
"centralelectrochemicalresearchinstitute,india",1
australiangraduateschoolofmanagement,1
blueridgejobcorp,1
dominicanuniversitybrennanschoolofbusiness,1
lifechristianuniversity,1
itttechnicalinstitute-indianapolis,1
hanyanguniversity,1
miller-mottecollege-wilmington,1
americansocietyfortraining&developmentcertificationinstitute,1
tuftsuniversity-thefletcherschooloflawanddiplomacy,1
internationalwinecenter,1
metropolitanstatecollegeofdenver,1
chalmersuniversityoftechnology,1
sungkyunkwanuniversity,1
st.catherineuniversity,1
heidelberguniversity,1
hardhead,1
pepperdineuniversityschooloflaw,1
fitchburgsatecollege,1
theuniversityoftexasataustin-thelbjschoolofpublicaffairs,1
vectorinternational,1
"rgmcet,nandyal",1
defensesystemsmanagementcollege,1
universityofminnesotacrookston,1
maranathabaptistbiblecollege,1
maplehill,1
utrechtuniversity,1
irvingtonhs,1
universityofkansasschooloflaw,1
plazacollege,1
"kelloggschoolofmanagement,northwesternuniversity",1
hartwickcollege,1
martinluthercollege,1
bvbcollegeofengg.&tech.karnatakuniversity,1
nationalinstituteofdesign,1
lowercolumbiacollege,1
harcumcollege,1
"nationaluniversity'ivanfranko',lviv/lvivstateuniversity",1
appliedscienceuniversity,1
caspercollege,1
lmi'sessentialsforsuccess,1
theuniversityofthearts,1
southernvermontcollege,1
universitatpolitÃ¬Â¬cnicadecatalunya,1
palackÃ¬_universityinolomouc,1
huazhonguniversityofscienceandtechnology,1
esigetel,1
delftuniversityoftechnology,1
eloquauniversity,1
technicalcareerinstitute,1
jacksonvillestateuniversity,1
sento,1
"communitycollege-losmedanos-pittsburg,ca",1
rosemontcollege,1
"longislanduniversity,southamptoncampus",1
hartfordhighschool,1
belmontuniversity,1
harbincommercialuniversity,1
pitÃ¬Ã¡gorascollege,1
universidadtecnolÃ¬_gicanacional,1
schoolofprofessionaldevelopment/educationalleadershipstonybrook,1
secondauniversitÃ¬Ãªdeglistudidinapoli,1
dutchess,1
sathyabamauniversity,1
theuniversityofmanchester,1
yorkcollegeofpennsylvania,1
webbinstitute,1
ucriverside,1
homeschool,1
shandonguniversity,1
tokyoinstituteoftechnology,1
paceuniversity-pleasantville/briarcliffcampus,1
"universityofcalifornia,losangeles(ucla)",1
hilltopschool,1
newenglandschooloflaw,1
commandandgeneralstaffcollege,1
southernnazareneuniversity,1
universitÃ¬Â©parisxnanterre,1
universityofindianapolis,1
australiancatholicuniversity,1
enspm,1
"instituteofphysics,chineseacademyofsciences",1
sheetmetallocal88jatc,1
mercycollege,1
nacb,1
universityofcoloradoatdenver,1
stanforduniversitylawschool,1
coloradostateuniversity-globalcampus,1
lincholntech,1
keanuniversity,1
saintleouniversity,1
fbinationalacademy244,1
universitelouispasteurstrasbourg,1
Â_ÂùÂ±Â_Â_Ã¢ÂŒ_Â_ÂŒ__,1
brooklyncollege,1
johannesgutenberg-universitÃ¬_tmainz,1
tourocollege,1
unitycollege,1
westvirginiawesleyancollege,1
unitedstatesarmywarcolllege,1
clackamascommunitycollege,1
kthroyalinstituteoftechnology,1
californiastateuniversity-stanislaus,1
newenglandcollegeofbusinessandfinance,1
northtexasstateuniversity,1
"shivajiraosjondhalecolgofengg,mumbaiuniversity",1
indianriverstatecollege,1
lawrenceuniversity,1
universitÃ¬Â©louispasteur(strasbourgi),1
hastingscollege,1
barnardcollege,1
vatterottcollege,1
universityofwisconsin-parkside,1
humancapitalinstitute,1
columbusstateuniversity,1
"albanylawschoolofunionuniversity,collegofst.rose,stateuniversityofnewyorkatpotsdam",1
universitÃ¬_tleipzig,1
southeasternbaptisttheologicalseminary,1
santaclarauniversity-mbaprogramgraduateatleaveyschoolofbusiness,1
"georgetownuniversity,mcdonoughschoolof",1
ecolepolytechniquedemontreal,1
columbiacollegechicago,1
tennesseetechnologicaluniversity,1
moreheadstateuniversity,1
saintjoseph'scollege,1
"sanjacento,henyford,desmet,batavia,annapolis",1
middlesexcommunitycollege,1
slipperyrockuniversityofpennsylvania,1
baypathcollege,1
planoseniorhighschool,1
louisianastateuniversityschoolofveterinarymedicine,1
universityofdenver-sturmcollegeoflaw,1
brynmawrcollege,1
floridasoutherncollege,1
morahighschool,1
fitchburgstatecollege,1
"researchcenterforhematology,russianacademyofmedicalsciences,moscow/institutefortheoreticalandexperimentalbiophysics,pushino",1
royalroadsuniversity,1
hagerstowncommunitycollege,1
pesitbangalore,1
itttechnicalinstitute-oxnard,1
sheffieldhallamuniversity,1
polishacademyofsciences(warsaw),1
technischeuniversitÃ¬_twien,1
nationalchengkunguniversity,1
mccormickschoolofengineeringandappliedscience,1
univmarylandschoolsocialwork,1
"stonybrookuniversity,stateuniversityofnewyork",1
smithcollege,1
wakeforestuniversityschooloflaw,1
iit,1
leedap,1
rogerwilliamsuniversity,1
gmiengineeringandmanagementinstitute,1
sunyulster,1
nih/johnshopkinsuniversity,1
universityoftehran,1
"gandhiinstituteoftechnology&management-au,india",1
theuniversityofmichigan,1
canogaparkseniorhigh,1
monroecollege,1
bournemouthuniversity,1
themaster'scollegeandseminary,1
betheluniversity,1
charteroakstatecollege,1
hacettepeÃ¬Ã¯niversitesi,1
universityofmississippischooloflaw,1
m.s.ofelectricalengineering,1
doctorbabasahebambedkartechnologicaluniversity,1
"bournevillecollege,birmingham,england",1
universityofnortherniowa,1
baldwinwallaceuniversity,1
brookstonecollege-greensboro,1
citycollegeofsanjose,1
altrinchamgrammer,1
chinapharmaceuticaluniversity,1
universityofsouthflorida-collegeofbusinessadministration,1
johnstoncommunitycollege,1
universitÃ¬Â©bordeauxi,1
francisparker,1
lvivpolytechnicnationaluniversity,1
nycccbrooklynny,1
lakeforestcollege,1
universityofalabamaatbirmingham,1
universidadtecnologicadesantiago(utesa),1
lightuniversity,1
williamscollege,1
minotstateuniversity,1
nationalchiaotunguniversity(nctu),1
ontariohighschool,1
armstrongatlanticstateuniversity,1
theuniversityofhongkong,1
howarduniversity,1
"universityofpriÂÅÃ¡tina,serbia",1
chathamcollege,1
lansingcommunitycollege,1
rappahannockhighschool,1
njit(newjerseyinstituteoftechnology),1
instituteofaudioresearch,1
houstongraduateschooloftheology,1
yÂ€Â±ldÂ€Â±zteknikÃ¬Ã¯niversitesi/yildiztechnicaluniversity,1
thegraduateuniversityforadvancedstudies,1
worcesterstateuniversity,1
eatontechnicalinstitute,1
"ohiostateuniversity,columbus,ohio",1
ccbcessex,1
ncst-mumbai,1
harvarduniversitygraduateschoolofeducation,1
harringtoncollegeofdesign,1
sandlersalesinstitute,1
"shanmughapolytechnic,thanjur",1
beckercollege,1
capitolcollege,1
westvirginiauniversityus,1
charteredinstituteofmanagmentaccountants,1
douglasscollege(rutgersuniversity),1
jesuithigh,1
grazuniversityoftechnology(tugraz),1
servicionacionaldeaprendizaje-sena,1
moorestownhighschool,1
stjoseph'scollege,1
postech,1
midwaycollege,1
dudleyhighschool,1
adamsstatecollege,1
westernkentuckyuniversity,1
lewis&clarklawschool,1
newyorkuniversitysternschoolofbusiness,1
massachusettsschooloflaw,1
"universityofsaintthomas-st.paul,mnusa",1
"stateuniversityofnewyork(suny)buffalo,ny",1
hollinsuniversity,1
caneycreekhighschool,1
vmware,1
quinsigamondcommunitycollege,1
"thewhartonschool,upenn(mba)",1
vermilionhighschool,1
rockvalleycollege,1
tampereuniversityoftechnology,1
augustanacollege,1
devryuniversityorlandflorida,1
universityofmarywashington,1
mccnh,1
kaplanuniversity,1
dublininstituteoftechnology,1
richardstocktoncollegeofnewjersey,1
lifeuniversity,1
konkukuniversity,1
westernconnecticutstateuniversity,1
velloreinstituteoftechnology,1
rickscollege,1
universidaddebellasartesdebarcelona,1
northeastern,1
lynbrookhs,1
ohiostateuniversity-mansfieldcampus,1
instituteofpaperchemistry,1
easternkentuckyuniversity,1
juraninstitute,1
arlingtoncourtreporting,1
multnomahuniversity,1
biloxihighschool/rutherforhighschool,1
pennsylvaniastateuniversitycollegeofmedicine,1
nationaltechnicaluniversityofathens,1
artinstituteofphiladelphia,1
"universityofsoutherncalifornia	(usc)",1
anokatechnicalcollege,1
americanuniversitywashingtoncollegeoflaw,1
universityofmichiganlawschool,1
rgpv,1
iowastateuniversity(isu),1
n/a,1
universityoftheincarnateword,1
olddominionuniversity-collegeofbusinessandpublicadministration,1
chabotcollege,1
universidadcatÃ¬_licaandrÃ¬Â©sbello,1
universityofvirginiaschoolofmedicine,1
ssitms,1
"universityofsoutherncalifornia,losangeles",1
stateuniversityofnewyorkcollegeatpurchase,1
themanchestermetropolitanuniversity,1
"fachhochschulepforzheim-hochschulefÃ¬_rgestaltung,technikundwirtschaft",1
hightechinstitute,1
northeasternuniversityschooloflaw,1
losangelestradetechnicalcollege,1
fatihuniversity,1
Â’ÂªÂçÂ“ÂùÂµÂ‘Ã®Ã»Â’Â¥ÂªÂêÂµÂê/hongikuniversity,1
"nationaluniversity""l'vivs'kapolitechnika""",1
universityofessex,1
cornellcollege,1
postuniversity,1
lockhavenuniversityofpennsylvania,1
albanycollegeofpharmacyofunionuniversity,1
westernillinoisuniversity,1
coloradonorthwesterncommunitycollege,1
etektraining,1
bronxcommunitycollege(cuny),1
southtexascollege,1
amarillocollege,1
asu,1
universityofcalgary,1
"biharinstituteoftechnology,sindri,india",1
salemhighschool,1
dr.mgruniversity,1
delhicollegeofengineering,1
Â“Ã£Ã¯Â“_Ã_Â‘Ã®Ã»Â’Â¥ÂªÂêÂµÂê/seoulnationaluniversity,1
stateuniversityofnewyorkatpotsdam,1
schenectadycountycommunitycollege,1
theuniversityofarizona,1
marvistahighschool,1
cityuniversityofseattle,1
rvnerurkarjrcollege,1
southernillinoisuniversityschoolofmedicine,1
bentleycollege-elkinb.mccallumgraduateschoolofbusiness,1
institutnationaldessciencesappliquÃ¬Â©esdetoulouse/insatoulouse,1
universityofmissouri-columbiaschoolofmedicine,1
keiseruniversity-ftlauderdale,1
indianstatisticalinstitute,1
scuolanormalesuperiore,1
stateuniversityofnewyorkcollegeofagricultureandtechnologyatmorrisville,1
tianjinuniversity,1
californiastateuniversitystanislaus,1
bryancollegemedicalbilling,1
sanfranciscoinstituteofarchitecture,1
universityofsouthcarolina-darlamooreschoolofbusiness,1
rv-vlsi,1
baycityhighschool,1
gibbscollege,1
texasa&muniversity(tamu).(www.tamu.edu),1
braunschool,1
jssate,1
dit,1
cityuniversityofnewyork-brooklyncollege,1
"schoolforinternationalstudies,madrid,spain",1
umassdartmouth,1
valdostastateuniversity,1
sextherapypostgraduatetraininginstituteofny,1
bupt,1
albuquerquetvi,1
inquestralearning,1
paloaltouniversity,1
luthercollege,1
texasa&mattexarkana,1
methodistcollege,1
aalborguniversitet,1
itttechnicalinstitute-albuquerque,1
lcatc,1
southwesternchristianuniversity,1
koreauniversity,1
-,1
oregongraduateinstitute-mba,1
universityofbristol,1
northwesternmichigancollege,1
americaninstituteofbanking,1
"thegraduatecenter,cityuniversityofnewyork",1
kaplanuniversity-davenportcampus,1
"universityofmary,bismarck,nd",1
samforduniversity,1
cityofwestminstercollege,1
genevacollege,1
lakehighlandhighschool,1
paceuniversityschooloflaw,1
college,1
belorussianstateuniversity,1
californiastateuniversity-bakersfield,1
eastcarolinauniversity-collegeofbusiness,1
pittsburghtechnicalinstitute,1
universitatobertadecatalunya,1
lyndonstatecollege,1
leadershipinstituteofseattleviapacificintegral,1
mohawkvalleycommunitycollege-uticabranch,1
universityofmemphisjointwithst.judechildren'sresearchhospital,1
wagnerleadershipinstitute,1
universidadpanamericana(pa),1
"capitalcollege,pennsylvaniastateuniversity",1
usp-universidaedesÃ¬Â£opaulo-escolapolitÃ¬Â©cnica,1
nursingandtherapyservicesofcolorado,1
lccc,1
rasmussencollege-florida,1
seattlepacificuniversity,1
massachusettscollegeofart&design,1
artinstituteofboston,1
alverniauniversity,1
rheinisch-westfÃ¬_lischetechnischehochschuleaachen,1
stateuniversityofnewyorkatbuffalo-schoolofmanagement,1
calpolysanluisobispo,1
universityofbradford,1
lanzhouuniversity,1
nationaluniversityofsingapore(nus),1
beijinginstituteoftechnology,1
csulongbeach,1
calstatebakersfield,1
wasedauniversity,1
universityofvirginiadardenschoolofbusiness,1
coastalcarolinauniversity,1
"syracuseuniversity,s.i.newhouseschoolofpubliccommunications",1
quinnipiacuniversityschooloflaw,1
"shanghaiinstituteofmicrosystemandinformationtechnology,chineseacademyofsciences",1
saintlouisuniversity(ph),1
princetontheologicalseminary,1
"sgsips,inodre",1
collageofaeronuatics,1
feliciancollege,1
"juelse.mastbaumtech,machining",1
iitdelhi,1
bronxcommunitycollege,1
universityofallahabad,1
canyonhighschool,1
"instituteoftheoreticalphysics,chineseacademyofsciences",1
elpasocommunitycollege,1
americaninstituteforcharteredpropertycasualtyunderwriters,1
jansonsschoolofbusiness,1
universityofnewbrunswick,1
lesleyuniversity,1
theuniversityoftexasatdallas-schoolofmanagement,1
frankfordhighschool,1
uttarpradeshtechnicaluniversity,1
technischeuniversitÃ¬_tdarmstadt,1
ucsc,1
albanylawschool,1
newenglandcollege,1
elonuniversity-marthaandspencerloveschoolofbusiness,1
communitycollegeofdenver,1
thebostonconservatory,1
d'amore-mckimschoolofbusinessatnortheasternuniversity,1
calstatefullerton,1
tunghaiuniversity,1
dhakauniversity,1
kiamichitechnicalcenter,1
fiskuniversity,1
middletownhighschool,1
tarrantcountycollege,1
fundaÃ¬Â_Ã¬Â£ogetuliovargas,1
dalhousieuniversity,1
"americangraduateschoolofinternationalmanagement,thunderbirdcampus",1
utahvalleyuniversity,1
darrow-messnerandassociates,1
cambridgecollege,1
stanforduniversityofcontinuingstudies,1
neduniversityofengineeringandtechnology,1
newenglandculinaryinstitute,1
hongikuniversity,1
universityofutahs.j.quinneycollegeoflaw,1
tehranuniversityofmedicalsciences,1
waynestate-mba,1
universidaddr.josÃ¬Â©gregoriohernandez,1
itttechnicalinstitute-tucson,1
universityofalbuquerque,1
salvereginauniversity,1
monroe2-orleansbocescenterforworkforcedevelopment,1
quinnipiacuniversity-schoolofbusiness,1
basichighschool,1
gentuniversity,1
secondcitytraining,1
stateuniversityofnewyorkmaritimecollege,1
theuniversityofwesternontario-richardiveyschoolofbusiness,1
"lancasteracademy,bostonuniversity,hesserbusinesscollege",1
davidsoncollege,1
tohokouniversity(Â_ÂùÂ±ÂŒÃ®Ã±ÂŒ_Â_ÂŒ__),1
thescrippsresearchinstitute,1
jonescollegeofbusinessadministrator,1
nationalamericanuniversity,1
universityoforegon-charlesh.lundquistcollegeofbusiness,1
directmarketingassociation,1
csusacramento,1
nationalsunyat-senuniversity,1
afaa-aerobicsandfitnessassociationofamerica,1
"usmilitarytrafficmanagmentschool,va",1
usarmymedicalresearchinstituteforinfectiousdiseases,1
hawkeyecommunitycollege,1
goauniversity,1
indianauniversity,1
manipalinstituteoftechnology,1
berkeley,1
sunyalbany,1
suffern,1
highpointuniversity,1
stateuniversityofnewyorkatdelhi,1
stanfordmedicalschool,1
stateuniversityofnewyorkupstatemedicaluniversity,1
universityatalbany-stateuniversityofnewyork,1
wilmingtoncollege,1
berufsakademiestuttgart,1
universitÃ¬_twien,1
theuniversityoftexasat,1
bostonarchitecturalcollege,1
katholiekeuniversiteitleuven,1
henleymanagementcollege,1
tampatechnicalinstitute,1
avilauniversity,1
redemptionministries,1
winston-salemstateuniversity,1
frankphillipscollege,1
harfordcommunitycollege,1
wheatoncollege(ma),1
wageningenuniversity,1
coloradomediaschool,1
georgiagwinnettcollege,1
maristc,1
dalianinstituteofchemicalphysics,1
kingsboroughcommunitycollege,1
certifiedscrumprofessional,1
lowndeshighschool,1
soganguniversity,1
parktownboys,1
brighamyounguniversitymba-marriottschoolofmanagement,1
bullard-havenstechnicalhighschoolbridgeportct,1
thegeorgewashingtonuniversityschoolofmedicineandhealthsciences,1
leanderhighschool,1
6sigmaus,1
rmituniversity,1
universityofindianapolis-schoolofbusiness,1
unlv,1
"universityofeconomics,prague",1
orangecountycommunitycollege,1
browncollege,1
universityofsoutherncalifornia(+universityofdelaware),1
mt.sanjacintocommunitycollegedistrict,1
dixiestateuniversity,1
universityofplymouth,1
colemanuniversity,1
universityofmichiganbusinessschool,1
northeastscotlandcollege,1
carson-newmancollege,1
universityofnorthlondon,1
virginiapolytechnicinstituteandstateuniversity-pamplincollegeofbusiness,1
chinaaccademyofscience,1
"universityofcalifornia,losangeles-schooloflaw",1
universityofauckland,1
babasahebbhimraoambedkaruniversity,1
universityofcapetown,1
carletoncollege,1
newyorkcollegeofhealthprofessions,1
babsoncollege-franklinw.olingraduateschoolofbusiness,1
westminstercollege,1
spatechinstitute-ipswich,1
carnegiemellonuniv.,1
northeasternillinoisuniversity,1
centralbuckseasth.s.,1
universityofmiami-schoolofengineering,1
devryuniversity-kellergraduate,1
universityofsydney,1
longbeachcitycollege,1
uscgouldschooloflaw,1
bridgeportengineeringinstitute(fairfielduniversity),1
devbootcamp,1
northwesternstateuniversity,1
mchenrycountycollege,1
universitÃ¬Â©derennesi,1
sacramentostatepeparatory,1
presidiograduateschool,1
graduateschoolofbanking-universityofwisconsin,1
calhouncommunity,1
easternconnecticutstateuniversity,1
skidmorecollege,1
artinstituteoffortlauderdale,1
unitedstatesnavalacademy,1
ecpiuniversity,1
symbiosysinstituteofbusinessmanagement-universityofpune,1
cunygraduatecenter,1
kellergradschool,1
thehebrewuniversity,1
chaffeycollege,1
louisianastateuniversityhealthsciencescenter,1
syracuseuniversitycollegeoflaw,1
rensselaerpolytechnicinstitute(rpi),1
chestnuthillcollege,1
technicaluniversityofgdansk,1
indianinstituteofscience,1
sanjosecitycollege/westvalleycollege(continuingeducation),1
"thomascollege,waterville,me",1
budapestimÃ¬Ã¨szakiÃ¬Â©sgazdasÃ¬Ã¡gtudomÃ¬Ã¡nyiegyetem/technicaluniversityofbudapest,1
tuiuniversity,1
newyorkinstituteoftechnology-manhattancampus,1
coachestraininginsitute,1
bitspilani,1
universityofzurich,1
"bispebjergskolecopenhagenrealeksemen,gladsaxcollegestudent,copenhagenuniversitymasterinec",1
indianinstituteofinformationtechnology,1
cooperhighschool,1
ucsandiego,1
robroyacademy-worcester,1
houstoncommunitycollege,1
vrijeuniversiteitbrussel,1
st.rose,1
jeffersonmedicalcollegeofthomasjeffersonuniversity,1
loyolauniversityofchicago-graduateschoolofbusiness,1
universidaddenavarra/universityofnavarra,1
ecolepolytechniquefÃ¬Â©dÃ¬Â©raledelausanne,1
universitateaÂ‰Ã»_ovidiusÂ‰Ã»ÂùdinconstanÃ©Ã_a,1
northharriscountycollege,1
oxforduniversity,1
imdbusinessschool,1
universidadautonomadedurango,1
"universityofcalifornia,davis-schooloflaw",1
postdoctoralscientist,1
dundalkcommunitycollege,1
elizabethcitystateuniversity,1
lincolntechnicalinstitute-lincoln,1
theartinstituteofcharlotte,1
sintlucasteboxtel,1
itttechnicalinstitute-austin,1
universitÃ¬Ãªdipisa,1
st.michael'scollege,1
singularityuniversity,1
wyliehighschool,1
"collegeofengineeringguindy,chennai",1
sleepyhollow,1
bijupattnaikuniversityoftechnology(bput),1
j,1
"universitysouthwales,newport",1
tennesseewesleyancollege,1
butleruniversity,1
capecodcommunitycollege,1
citizenpoliceacademy,1
universityofmaryland-roberth.smithschoolofbusiness,1
jacksonvo-tech,1
aiu,1
chicopeecomprehensive,1
oxfordcollege,1
bridgnorthendowedcomprehensiveschool,1
renoaviationacademy,1
ucl,1
artcentercollegeofdesign,1
"computerscience,""politehnica""universityofbucharest",1
mountabrahamunionhighschool,1
columbiauniversityteacherscollege,1
lewisandclarkcommunitycollege,1
richlandcommunitycollege,1
"keenestatecollegekeene,newhampshire",1
pacificlutheranuniversity-schoolofbusiness,1
"longislanduniversity,brooklyncampus",1
seattleuniversity,1
hi-techinstitute,1
westerncollege,1
southernuniversityandagriculturalandmechanicalcollegeatbatonrouge,1
riviercollege,1
rockwallhighschool,1
southernutahuniversity,1
cvms,1
ccv,1
bszetdresden,1
rooseveltuniversity,1
pomonacollege,1
"conventoftheholyghost,bedford,uk",1
degreeinmechanicalengineering,1
"ashridgebusinessschool,uk",1
dibrugarhuniversity,1
jamescaldwellhighschool,1
johnson&walesuniversity,1
fullertoncollege,1
damelinhousecollege,1
wallkill,1
easthills,1
"loyolalawschool,loyolamarymountuniversity",1
memphisstatecollege/university,1
fairmontstateuniversity,1
theairforceinstituteoftechnology-schoolofengineering&management,1
menlocollege,1
nanjinguniversityofaeronauticsandastronauticsgraduateschool,1
draughon'sbusinesscollege,1
oberlincollege,1
bostonuniveristy,1
baofscience,1
nationalcookingschool,1
universityofmissouri-kansascity,1
universitasgunadarma,1
"universityofchungcheng,m.s.ofmechanical&materialengineering,taiwan.",1
artinstituteofhouston,1
indianrivercommunitycollege,1
uniongraduatecollege,1
howarduniversityschoolofdivinity,1
"universityofcalifornia,hastingscollegeofthelaw",1
"malnadcollegeofengineering,hassan,mysoreuniversity",1
rosenstielschoolofmarineandatmosphericscience,1
saintjohn'suniversityschooloflaw,1
principiacollege,1
indianauniverisity,1
certificationinsecretarialprogram,1
universityofmarylandfranciskingcareyschooloflaw,1
grenobleecoledemanagement-grenoblegraduateschoolofbusiness,1
universityofthesciencesinphiladelphia,1
curtinuniversityoftechnology,1
"chineseacademyofsciences,shanghairesearchcenterofbiotechnology",1
sanantoniocollege,1
joan&sanfordi.weillmedicalcollegeofcornelluniversity,1
bismarckstatecollege,1
pipershillcollege,1
denverinstituteoftechnology,1
hendersonstateuniversity,1
universityofmontana,1
dukeuniversity(fuqua),1
theuniversityoftexashealthsciencecenteratsanantonio,1
"s.j.collegeofengineering,univ.ofmysore",1
esdalcollege,1
pikespeakcommunitycollege,1
kurukshetrauniversity,1
thefacultyofengineeringatlunduniversity,1
"californiainstituteoftechnology,pasadena,ca",1
universitÃ¬Â©d'aix-marseilleii,1
universidadsimÃ¬_nbolÃ¬_var,1
"newyorkuniversity,sternschoolofbusiness",1
masarykuniversitybrno,1
northlakecommunitycollege,1
"shanmughaarts,science,technologyandresearchacademy",1
everblue,1
arcadiahighschool,1
ucsantacruz,1
ucirvine,1
universityofsouthflorida-collegeofengineering,1
ipec,1
universityofsaskatchewan,1
politechnikaopolska,1
bradleyuniversity,1
universitÃ¬Ãªdeglistudidifirenze,1
hudsoncatholichighschool,1
berkeleycollege-newyork,1
"indianinstituteofmanagement,kozhikode",1
indianauniversityroberth.mckinneyschooloflaw,1
robertswesleyancollege,1
"kelstertoncollege,n.wales&yorkuniversity,englandu.k.",1
stateuniversityofnewyorkcollegeofenvironmentalsciencesandforestry,1
claremontgraduateuniversity,1
"floridaatlanticuniversitybsee,ncstateuniversitymsee,universityoffloridaphd",1
floridainternationaluniversity-collegeofbusinessadministration,1
linkÃ¬Â_pinguniversity,1
lincolnuniversity,1
geapprenticetrainingprogram,1
academyofstatefireserviceofministryofinternalaffairsofrussia,1
worthingtonhighschool,1
columbiacollege(ny),1
floridaagriculturalandmechanicaluniversity,1
davidgeffenschoolofmedicineatucla,1
nyackcollege,1
universityofpittsburgh-josephm.katzgraduateschoolofbusiness,1
elbertcountycomprehensive,1
suffolkuniversitylawschool,1
everestuniversity-tampa,1
u.p.technicaluniversity,1
falck,1
"toledo,ohio",1
universityofmysore,1
tokyouniversityofagricultureandtechnology,1
umuceurope,1
stateuniversityofnewyorkcollegeatfredonia,1
collegeofnanoscalescienceandengineering(suny),1
institutnationaldessciencesappliquÃ¬Â©esderennes,1
metropolitanstateuniversityofdenver,1
northadamsstatecollege,1
mountvernonnazareneuniversity,1
calisocorporation,1
northweststatecommunitycollege,1
collegeforfinancialplanning,1
austinpeaystateuniversity,1
oregongraduateinstituteoftechnology,1
"ottawauniversity,overlandpark,kansas",1
teknillinenkorkeakoulu-tekniskahÃ¬Â_gskolan,1
kuleuven,1
keeslera.f.b.biloxims.,1
theartinstituteofindianapolis,1
uwm,1
universityofbabylon,1
variouscertifications,1
sloanmit,1
universityofwashingtonschoolofdentistry,1
theuniversityoftexasschooloflaw,1
northatlantatrihospitalclinicalpastoraleducation,1
artinstituteofseattle,1
renssselaerpolytechnicinstitute,1
technischeuniversitÃ¬_tmÃ¬_nchen,1
harveyhigh,1
northwooduniversity-richarddevosgraduateschoolofmanagement,1
fitchburghighschool,1
salisburyuniversity,1
"thesilesiantechnicaluniversity,gliwice,poland.",1
universityofoulu,1
harvardgraduateschoolofeducation,1
culinaryinstituteofamerica,1
miltonhighschool,1
mba,1
yonseiuniversity,1
uptu,1
cetysuniversidad,1
pennstateuniveristy,1
frankfordhospitalschoolofnursing,1
universityofappliedsciencefriedberg,1
koreauniversityoftechnologyandeducation,1
dominicanuniversity,1
abertayuniversity,1
maconstatecollege,1
theuniversityofnorthampton,1
cityuniversityofnewyork-baruchcollege,1
huntercollege,1
"iae,aixenprovence",1
lakeforestgraduateschoolofmanagement,1
kct,1
hefeiuniversityoftechnology,1
"instituteofcomputingtechnology,chineseacademyofsciences",1
andoncollege,1
bruneluniversitylondon,1
whartonschoolofbusiness,1
waylandbaptistuniversity,1
floridastateuniversity-collegeofbusiness,1
johnshopkinsbloombergschoolofpublichealth,1
ringlingcollegeofartanddesign,1
knoxcollege,1
Â€Â¡stanbulteknikÃ¬Ã¯niversitesi,1
uniwersytetmikoÂÅÃ¢ajakopernikawtoruniu,1
"masterofbusinessadministrationassumptioncollege,worcester,ma",1
"instituteofchemicaltechnologyprague,facultyoffoodandbiochemicaltechnology",1
universitatautÃ¬_nomadebarcelona,1